{
  "project_info": {
    "project_number": "997250651344",
    "firebase_url": "https://projectjava-e8440.firebaseio.com",
    "project_id": "projectjava-e8440",
    "storage_bucket": "projectjava-e8440.appspot.com"
  },
  "client": [
    {
      "client_info": {
        "mobilesdk_app_id": "1:997250651344:android:bb5230be61b447f206fad5",
        "android_client_info": {
          "package_name": "com.example.nonglharmhealthy"
        }
      },
      "oauth_client": [
        {
          "client_id": "997250651344-c1e87dfafn0289qjm59bips975uk55f1.apps.googleusercontent.com",
          "client_type": 1,
          "android_info": {
            "package_name": "com.example.nonglharmhealthy",
            "certificate_hash": "517dbb51f3779aab5b9c393b0445c3cbebbda27c"
          }
        },
        {
          "client_id": "997250651344-7ecr74efo60us8kq4odghh7vsovhev6d.apps.googleusercontent.com",
          "client_type": 3
        }
      ],
      "api_key": [
        {
          "current_key": "AIzaSyArSfqQB-w1-8QydaMWMyakIb5KbjQxCRw"
        }
      ],
      "services": {
        "appinvite_service": {
          "other_platform_oauth_client": [
            {
              "client_id": "997250651344-7ecr74efo60us8kq4odghh7vsovhev6d.apps.googleusercontent.com",
              "client_type": 3
            }
          ]
        }
      }
    }
  ],
  "configuration_version": "1"
}